src_link,dst_link
/about/about-us/community-service,/about/about-us
/about/about-us/community-service/locations,/about/about-us/history
/about/about-us/community-service,/about/about-us/locations
/about/about-us/community-service,/about/about-us/mission-values
/about/about-us/community-service,/about/about-us/news-events-calendar/calendar
/about/about-us/community-service,/about/about-us/pratt-award/locations
/about/about-us/community-service,/about/about-us/remembering-our-fallen
/about/about-us/community-service,/about/about-us/statistics-facts
/about/about-us/community-service,/about/about-us/student-stories
